Sub,Percept,Cond,dB,Rep,Mean,dur_1,dur_2,dur_3,dur_4,dur_5,dur_6,dur_7,dur_8,dur_9,dur_10,dur_11,dur_12,dur_13,dur_14,dur_15,dur_16,dur_17,dur_18,dur_19,dur_20
Sub001,SIM,db0.5,0.5,1,137.758774701554,137.758774701554,,,,,,,,,,,,,,,,,,,
Sub001,AM ,db0.5,0.5,1,41.2563700673079,41.2563700673079,,,,,,,,,,,,,,,,,,,
Sub001,SIM,db001,1,1,17.1745277611859,21.284567740048,18.847836310362,21.3104457876236,5.47987337817108,13.4755767304803,22.6488666204302,,,,,,,,,,,,,,
Sub001,AM ,db001,1,1,14.9413390502208,9.0722849863696,8.36137392639944,4.34359772547759,41.3602691291285,11.5691694837287,,,,,,,,,,,,,,,
Sub001,SIM,db002,2,1,10.329277325987,12.7021939400393,9.32691413184557,1.84877493893782,2.0577734549679,1.66574172508763,15.1490125794194,9.91446803241524,15.8563660895245,4.31748550194175,16.785428737689,23.9978914539888,,,,,,,,,
Sub001,AM ,db002,2,1,5.77530880751822,1.67677205440327,0.664370352168362,2.62981752880842,1.86677023873767,1.91667377748922,7.94749229625245,4.33010822778851,1.69778373304712,14.3873164525612,12.2346558607826,14.1766363606616,,,,,,,,,
Sub001,SIM,db004,4,1,2.87596052242407,2.87596052242407,,,,,,,,,,,,,,,,,,,
Sub001,AM ,db004,4,1,175.901907539632,175.901907539632,,,,,,,,,,,,,,,,,,,
Sub001,SIM,db006,6,1,4.30790028118528,0.231686637919665,4.84703850815185,2.25785820741794,8.58945682084004,1.60857552367179,4.00094344041054,8.61974282988513,,,,,,,,,,,,,
Sub001,AM ,db006,6,1,21.0831458932731,45.3108576806826,31.8466660721379,3.24120701347374,7.25650576104954,32.2022876104238,27.6041236141114,0.1203735010331,,,,,,,,,,,,,
Sub001,SIM,db0.5,0.5,2,11.3772863789503,30.5133647107737,6.59211904864242,7.82650801298814,10.1050468448157,12.4762545576095,10.1224259089713,8.68112323622199,10.3091607069418,5.76957438358795,,,,,,,,,,,
Sub001,AM ,db0.5,0.5,2,9.24206805121332,24.4477954418453,9.11550520736773,11.280770240021,16.3286133511092,1.86128057680389,2.04958082503072,7.25504424642486,1.59795452110393,,,,,,,,,,,,
Sub001,SIM,db001,1,2,12.4313931343275,12.6807030026494,29.4716672750965,4.56584258114526,9.68311469425271,8.9366072843477,13.884208328067,7.79760877473382,,,,,,,,,,,,,
Sub001,AM ,db001,1,2,15.131245841773,1.88117366425104,41.4352452143098,2.51865163406728,16.5140351597561,12.4209601599327,16.0174092183211,,,,,,,,,,,,,,
Sub001,SIM,db002,2,2,7.74841385885411,5.23839561879231,6.0105539576698,9.82364272575705,8.24971369582909,7.52538178701298,7.28419626640107,10.8131599832418,6.1228647483058,11.338728469445,5.07750133608624,,,,,,,,,,
Sub001,AM ,db002,2,2,9.9807331568139,2.24837376023106,18.2021557661501,30.1837925213822,15.585455619806,5.74999310303701,6.13000358642103,5.89218153833735,10.9683958690075,1.70595422854421,3.14102557522256,,,,,,,,,,
Sub001,SIM,db004,4,2,5.54636349861884,6.81320810159013,4.41792036349216,7.34602224864102,3.09521690788961,5.91028173613586,3.89127595102718,2.2720194372464,9.19261870956871,5.19914387835161,8.62588208951684,7.65561441677028,2.1371581431963,,,,,,,,
Sub001,AM ,db004,4,2,8.33428472766575,11.5636313826585,11.6801878155361,16.4431635696628,2.49219777026019,11.652851461226,1.77696055001206,5.91162584199083,2.44109736779819,17.421025600886,7.87045931208741,14.6517630241933,3.27671610880361,1.16402165453974,,,,,,,
Sub001,SIM,db006,6,2,2.70773382148861,4.2232505291413,3.80042369809371,2.93593266510879,1.1964203798525,2.65408104541257,1.96076975242158,1.20655538710571,1.34822895608204,1.34822895608204,1.38858613537195,4.28316557138623,4.51565225703916,3.48194054240275,4.29480636214385,4.42150646357732,2.26233610088684,3.12682809623902,2.03097795088979,3.06196584623831,0.613019734296813
Sub001,AM ,db006,6,2,6.19577297702615,32.3716382116145,2.09730909366181,3.43838926717035,0.955142792801325,1.30698415366578,6.25370366924881,1.23806263982397,1.41953457367481,1.56932634954319,1.49738909843518,25.6667159612412,3.41173972208117,26.1105791716845,3.68850747791203,0.945062640465494,1.31712044407459,1.18652147329385,1.37686097711048,1.8690988459939,
Sub001,SIM,db0.5,0.5,3,16.3731647929383,17.1405052554865,16.1035590254942,13.616733829188,21.152795964731,20.4016749676166,9.82371971511384,,,,,,,,,,,,,,
Sub001,AM ,db0.5,0.5,3,11.9326368790569,22.7484674306152,6.10065043175018,12.7136198021763,2.43053763592616,11.8628149105289,15.7397310633451,,,,,,,,,,,,,,
Sub001,SIM,db001,1,3,8.44141045784927,7.839209652926,10.8301464016777,6.82618529926731,18.0559064630643,7.05441126559617,5.05773143161059,8.18703986829678,5.82951893841891,7.69693428380924,7.03702097382575,,,,,,,,,,
Sub001,AM ,db001,1,3,9.34487902084939,1.17479439029921,9.95754871020381,6.02008908951757,29.4578781604932,5.00904592864208,2.34648546793778,13.6578256152579,12.2127257632692,10.7267525825118,2.8856445003612,,,,,,,,,,
Sub001,SIM,db002,2,3,5.45049522663511,1.87694951487083,3.61308517525049,7.2454561843947,6.25233614579702,7.32615995693732,3.85350914280707,3.71284028493847,4.71652743355298,6.57255284517396,8.43150738103304,2.43872417087186,7.14326532392897,7.67352438669968,,,,,,,
Sub001,AM ,db002,2,3,7.99220366784203,18.9134594718403,8.20383124702857,10.3988500997975,12.5087389335818,12.432405590197,12.7699237227944,5.66995881711046,2.45854925105323,1.79722831899562,7.34527673503544,1.97682042938231,2.61824282058205,6.80536224454772,,,,,,,
Sub001,SIM,db004,4,3,5.3248330311146,2.54726248302268,2.54894694599261,2.46850140858442,3.75759965149518,6.88323056323497,6.81992606455424,6.60650483076097,5.71763832581564,10.5738870065707,,,,,,,,,,,
Sub001,AM ,db004,4,3,14.444759708732,22.7767616608398,1.95808891885736,5.9478403523035,22.0716453331297,21.4547010663664,13.2415457666439,8.75229733032938,12.2752561981242,21.5247007519938,,,,,,,,,,,
Sub001,SIM,db006,6,3,4.54202191373724,2.95175365715477,4.88296591232029,5.65954568580491,3.6025228770668,5.75989136801763,4.39545198205906,,,,,,,,,,,,,,
Sub001,AM ,db006,6,3,21.5319689597244,27.2900083212662,18.4393490678194,23.1148626670265,34.7208773322154,6.94533916057298,11.1382469010186,29.0750992681515,,,,,,,,,,,,,
Sub002,SIM,db0.5,0.5,1,39.4287256593334,47.234231777742,5.92000485032895,72.5803464136106,31.980319595652,,,,,,,,,,,,,,,,
Sub002,AM ,db0.5,0.5,1,5.30055666512908,3.25137570357037,11.5474225567268,2.36930928356924,4.03411911664989,,,,,,,,,,,,,,,,
Sub002,SIM,db001,1,1,22.4859633646143,6.13116580491987,61.7637876710523,42.5491971614028,0.170679629963161,1.81498655573341,,,,,,,,,,,,,,,
Sub002,AM ,db001,1,1,15.9762996284624,2.80894128727505,2.14720942452368,1.84645242667284,57.1025953753779,,,,,,,,,,,,,,,,
Sub002,SIM,db002,2,1,17.6079132013438,2.61646597038362,7.45233749311137,18.5806652778638,13.3116689560311,60.5309198880832,3.15542162258953,,,,,,,,,,,,,,
Sub002,AM ,db002,2,1,11.9492454615311,11.8621418952343,8.99760915968091,11.8219553756862,1.76030326107684,33.3242855868866,3.92917749062144,,,,,,,,,,,,,,
Sub002,SIM,db004,4,1,2.52592039172153,1.40871307798898,3.82886356651943,2.34018453065619,,,,,,,,,,,,,,,,,
Sub002,AM ,db004,4,1,57.2265422518664,136.002014234049,23.4538480884512,12.2237644330989,,,,,,,,,,,,,,,,,
Sub002,SIM,db006,6,1,0.683375495699693,0.683375495699693,,,,,,,,,,,,,,,,,,,
Sub002,AM ,db006,6,1,88.7804035782083,0.512559530416183,177.048247626,,,,,,,,,,,,,,,,,,
Sub002,SIM,db0.5,0.5,2,33.8461402187911,70.4095695845845,13.8281780404541,29.5423861696327,21.6044270804932,,,,,,,,,,,,,,,,
Sub002,AM ,db0.5,0.5,2,10.8377989833557,1.61818828645482,6.58329767229134,8.36220861934362,26.787501355333,,,,,,,,,,,,,,,,
Sub002,SIM,db001,1,2,14.2768307106696,8.34985792255793,14.4407284604631,13.4071046420095,7.29556406573101,9.63328622012432,32.9654856713178,13.173439056829,14.9491796463244,,,,,,,,,,,,
Sub002,AM ,db001,1,2,8.91983721517032,5.40914678469926,1.49530846106609,15.2531195125039,11.4701409610971,11.4800902315255,12.1493138002779,5.18174075502247,,,,,,,,,,,,,
Sub002,SIM,db002,2,2,36.5854840096315,104.273974325333,35.5826147125381,2.55881024497376,3.9265367556809,,,,,,,,,,,,,,,,
Sub002,AM ,db002,2,2,7.43672621686505,3.31744893199721,2.25359780888357,2.41841630326599,21.7574418233135,,,,,,,,,,,,,,,,
Sub002,SIM,db004,4,2,6.94978953034588,12.332492973117,2.38840873906247,4.1347871917942,7.20508264486671,8.68817610288897,,,,,,,,,,,,,,,
Sub002,AM ,db004,4,2,28.3152200259581,48.7168267296784,2.48864150355075,26.3934239540831,3.26124670148693,60.7159612409914,,,,,,,,,,,,,,,
Sub002,SIM,db006,6,2,6.4575145461763,1.64587558391577,4.69638092280638,2.75995424265875,16.7278474353243,,,,,,,,,,,,,,,,
Sub002,AM ,db006,6,2,30.5908691905917,126.972504855142,6.9743323900002,7.19596774659203,10.0251861057304,1.78635485549421,,,,,,,,,,,,,,,
Sub002,SIM,db0.5,0.5,3,19.7341563923301,17.3607817499287,19.1935704904918,41.6175120632706,13.7371769414312,2.006911077935,24.4889860309231,,,,,,,,,,,,,,
Sub002,AM ,db0.5,0.5,3,8.66149205006981,0.836163440706514,5.2859695879215,16.5774054201793,11.7455142472008,3.94373938589342,11.8452837923924,10.3963684761948,,,,,,,,,,,,,
Sub002,SIM,db001,1,3,27.0855127202458,2.56543870781024,52.5538024080997,12.5437681285875,40.6790416364856,,,,,,,,,,,,,,,,
Sub002,AM ,db001,1,3,17.6071547492488,2.17294536257759,50.1630153394872,6.23189033892595,11.8607679560046,,,,,,,,,,,,,,,,
Sub002,SIM,db002,2,3,34.5651706084145,8.68298060445522,30.2050101465557,30.7045148483594,68.6681768342878,,,,,,,,,,,,,,,,
Sub002,AM ,db002,2,3,6.38380758242511,1.59215369385311,5.1248776991979,16.012903416211,2.80529552043845,,,,,,,,,,,,,,,,
Sub002,SIM,db004,4,3,26.3188477858391,20.6216242572918,44.0172385585793,14.317680541646,,,,,,,,,,,,,,,,,
Sub002,AM ,db004,4,3,33.1551106711316,31.7469055090387,26.73392221637,40.9845042879861,,,,,,,,,,,,,,,,,
Sub002,SIM,db006,6,3,26.7935344338111,49.3557306065413,4.23133826108096,,,,,,,,,,,,,,,,,,
Sub002,AM ,db006,6,3,41.8598635449192,103.311566945133,2.40218181421551,19.8658418754094,,,,,,,,,,,,,,,,,
Sub003,SIM,db0.5,0.5,1,177.691220124963,177.691220124963,,,,,,,,,,,,,,,,,,,
Sub003,AM ,db0.5,0.5,1,0,0,,,,,,,,,,,,,,,,,,,
Sub003,SIM,db001,1,1,85.1894425229727,34.5262481386745,135.852636907271,,,,,,,,,,,,,,,,,,
Sub003,AM ,db001,1,1,3.77582021824577,5.28374268060384,2.2678977558877,,,,,,,,,,,,,,,,,,
Sub003,SIM,db002,2,1,49.9457996327283,96.1492704502018,45.7352106016484,7.9529178463348,,,,,,,,,,,,,,,,,
Sub003,AM ,db002,2,1,7.0064678857587,2.31771199222942,7.86729013454146,7.24057307976318,10.6002963365007,,,,,,,,,,,,,,,,
Sub003,SIM,db004,4,1,14.8820122760341,2.76986766544707,23.4867399199719,13.4868165863754,15.4685927576873,15.8868670129806,18.1931897137424,,,,,,,,,,,,,,
Sub003,AM ,db004,4,1,14.5344921294505,31.9882017141197,23.3488202676459,11.9418409945204,10.0228908559114,7.18579926490071,2.71939967960503,,,,,,,,,,,,,,
Sub003,SIM,db006,6,1,0,0,,,,,,,,,,,,,,,,,,,
Sub003,AM ,db006,6,1,177.98234459335,177.98234459335,,,,,,,,,,,,,,,,,,,
Sub003,SIM,db0.5,0.5,2,177.989242644997,177.989242644997,,,,,,,,,,,,,,,,,,,
Sub003,AM ,db0.5,0.5,2,0,0,,,,,,,,,,,,,,,,,,,
Sub003,SIM,db001,1,2,65.4411872450198,55.6095139478321,75.2728605422076,,,,,,,,,,,,,,,,,,
Sub003,AM ,db001,1,2,15.5619207917362,32.2554348139893,5.35882603526898,9.07150152595023,,,,,,,,,,,,,,,,,
Sub003,SIM,db002,2,2,19.8910782119214,4.69598755630477,21.4611166606039,14.0172069563055,23.1178728312871,36.1632070551057,,,,,,,,,,,,,,,
Sub003,AM ,db002,2,2,12.9561911916825,7.63754594370585,5.77036551590072,5.99226952443109,5.38878688087061,7.34587390397519,45.6023053812116,,,,,,,,,,,,,,
Sub003,SIM,db004,4,2,15.0799422724437,20.9851860619838,6.61294661387956,9.36155330624661,32.1362310667669,6.30379431334177,,,,,,,,,,,,,,,
Sub003,AM ,db004,4,2,17.0919264396015,15.3019822275087,41.5554266020231,28.3312845119108,11.9140515082754,3.94100119265977,1.50781259523137,,,,,,,,,,,,,,
Sub003,SIM,db006,6,2,0,0,,,,,,,,,,,,,,,,,,,
Sub003,AM ,db006,6,2,177.390199274909,177.390199274909,,,,,,,,,,,,,,,,,,,
Sub003,SIM,db0.5,0.5,3,25.4363811276183,51.4384782584984,18.0333145997852,15.3692770454372,24.7543861843933,17.5864495499773,,,,,,,,,,,,,,,
Sub003,AM ,db0.5,0.5,3,10.1356339670022,12.0384964787986,12.3417724117712,7.18513845824191,3.59798094695543,15.5147815392438,,,,,,,,,,,,,,,
Sub003,SIM,db001,1,3,86.5795255151563,59.5702180854441,113.588832944868,,,,,,,,,,,,,,,,,,
Sub003,AM ,db001,1,3,3.81296958172197,3.81296958172197,,,,,,,,,,,,,,,,,,,
Sub003,SIM,db002,2,3,26.4003030087235,4.47182782329674,9.36222918956264,66.6784418563921,40.8166861380087,10.6723300363574,,,,,,,,,,,,,,,
Sub003,AM ,db002,2,3,9.3906593374868,2.7136862682446,15.3705495794256,14.877719973234,4.21462968202377,9.77671118450598,,,,,,,,,,,,,,,
Sub003,SIM,db004,4,3,19.5180899030668,40.6840163700417,29.7494936488783,7.51854204238043,0.120307550966572,,,,,,,,,,,,,,,,
Sub003,AM ,db004,4,3,24.7106228198995,17.5888258877103,23.7574236495648,22.675137181538,34.821104560785,,,,,,,,,,,,,,,,
Sub003,SIM,db006,6,3,0,0,,,,,,,,,,,,,,,,,,,
Sub003,AM ,db006,6,3,177.57595010204,177.57595010204,,,,,,,,,,,,,,,,,,,
Sub004,SIM,db0.5,0.5,1,177.762838054796,177.762838054796,,,,,,,,,,,,,,,,,,,
Sub004,AM ,db0.5,0.5,1,0,0,,,,,,,,,,,,,,,,,,,
Sub004,SIM,db001,1,1,24.1221174742922,1.8966062119739,0.12058005453855,41.4586013291073,32.2151155871613,44.9196841886799,,,,,,,,,,,,,,,
Sub004,AM ,db001,1,1,14.1285895341388,27.6096789311456,2.60970298941663,12.3449529436257,13.9500232723674,,,,,,,,,,,,,,,,
Sub004,SIM,db002,2,1,5.58339275726288,4.62637055960499,3.79388605553743,8.32992165664621,,,,,,,,,,,,,,,,,
Sub004,AM ,db002,2,1,31.4898197265633,33.4677890224355,11.0587377876207,5.49952444817541,63.8469088810626,43.5761384935224,,,,,,,,,,,,,,,
Sub004,SIM,db004,4,1,6.49810484979469,4.59642795622426,8.39978174336511,,,,,,,,,,,,,,,,,,
Sub004,AM ,db004,4,1,55.1702318351232,9.30330486865614,11.7015067855552,144.505883851158,,,,,,,,,,,,,,,,,
Sub004,SIM,db006,6,1,0,0,,,,,,,,,,,,,,,,,,,
Sub004,AM ,db006,6,1,177.613729702438,177.613729702438,,,,,,,,,,,,,,,,,,,
Sub004,SIM,db0.5,0.5,2,61.6690640466459,70.9241359311559,52.4139921621359,,,,,,,,,,,,,,,,,,
Sub004,AM ,db0.5,0.5,2,27.348249087149,1.85053269823766,52.8459654760604,,,,,,,,,,,,,,,,,,
Sub004,SIM,db001,1,2,177.387075768478,177.387075768478,,,,,,,,,,,,,,,,,,,
Sub004,AM ,db001,1,2,0,0,,,,,,,,,,,,,,,,,,,
Sub004,SIM,db002,2,2,21.5277092740787,4.53195820533028,30.6708424340427,14.931929527871,35.9761069290707,,,,,,,,,,,,,,,,
Sub004,AM ,db002,2,2,18.6402243385659,2.60308343632914,27.0702600955724,31.7165759242143,28.0983030578705,3.71289917884314,,,,,,,,,,,,,,,
Sub004,SIM,db004,4,2,20.6132285686515,10.8596681049235,37.9949859355347,21.1748112468244,12.4234489873234,,,,,,,,,,,,,,,,
Sub004,AM ,db004,4,2,31.7415605990959,38.4969694597894,14.3604785478815,42.3672337896169,,,,,,,,,,,,,,,,,
Sub004,SIM,db006,6,2,6.82454334995703,16.6996443545986,3.97464931862169,3.53289840256275,3.09098132404506,,,,,,,,,,,,,,,,
Sub004,AM ,db006,6,2,30.0181248598607,43.0132814487315,13.4884630966972,10.1166242332229,17.4714025747485,66.0008529459033,,,,,,,,,,,,,,,
Sub004,SIM,db0.5,0.5,3,178.346752181524,178.346752181524,,,,,,,,,,,,,,,,,,,
Sub004,AM ,db0.5,0.5,3,0,0,,,,,,,,,,,,,,,,,,,
Sub004,SIM,db001,1,3,177.650192097275,177.650192097275,,,,,,,,,,,,,,,,,,,
Sub004,AM ,db001,1,3,0,0,,,,,,,,,,,,,,,,,,,
Sub004,SIM,db002,2,3,22.7674851504333,5.17552401320199,74.0042073104428,11.2690260025001,10.3482431527755,25.7051918711277,10.1027185525518,,,,,,,,,,,,,,
Sub004,AM ,db002,2,3,8.35256703356063,8.69591051092993,6.72377704590735,8.78074061623147,5.32943375490959,12.2329732398248,,,,,,,,,,,,,,,
Sub004,SIM,db004,4,3,13.4263562529531,12.3397063158736,4.76644102146929,19.9294316377809,16.5988167821515,13.49738550749,,,,,,,,,,,,,,,
Sub004,AM ,db004,4,3,22.2244694429484,3.54775807387568,23.0088762189121,4.14431883175621,26.8080149969637,53.6133790932345,,,,,,,,,,,,,,,
Sub004,SIM,db006,6,3,0,0,,,,,,,,,,,,,,,,,,,
Sub004,AM ,db006,6,3,178.359355507788,178.359355507788,,,,,,,,,,,,,,,,,,,
Sub005,SIM,db0.5,0.5,1,178.536953627003,178.536953627003,,,,,,,,,,,,,,,,,,,
Sub005,AM ,db0.5,0.5,1,0,0,,,,,,,,,,,,,,,,,,,
Sub005,SIM,db001,1,1,57.8396739156585,94.2976595849105,11.1818722486673,68.0394899133976,,,,,,,,,,,,,,,,,
Sub005,AM ,db001,1,1,2.37736903712869,2.03613578571321,2.71860228854416,,,,,,,,,,,,,,,,,,
Sub005,SIM,db002,2,1,16.7786939753053,10.095219886872,6.57308620486674,17.3104903422873,33.0679634292298,6.35245767803644,16.1065118387298,27.9451284471152,,,,,,,,,,,,,
Sub005,AM ,db002,2,1,10.2780481816892,2.1776420572196,10.9083135596129,14.3006329408315,4.16470512001706,2.11746664558041,27.9995287668737,,,,,,,,,,,,,,
Sub005,SIM,db004,4,1,14.704405708946,7.60141857531039,3.97020324615141,7.58980648004899,39.656194534273,,,,,,,,,,,,,,,,
Sub005,AM ,db004,4,1,23.8621486241693,30.7322061377072,20.845612928661,18.4512790178078,27.0233473719532,22.2582976647175,,,,,,,,,,,,,,,
Sub005,SIM,db006,6,1,0,0,,,,,,,,,,,,,,,,,,,
Sub005,AM ,db006,6,1,177.503214105044,177.503214105044,,,,,,,,,,,,,,,,,,,
Sub005,SIM,db0.5,0.5,2,178.856276141971,178.856276141971,,,,,,,,,,,,,,,,,,,
Sub005,AM ,db0.5,0.5,2,0,0,,,,,,,,,,,,,,,,,,,
Sub005,SIM,db001,1,2,173.576644672579,173.576644672579,,,,,,,,,,,,,,,,,,,
Sub005,AM ,db001,1,2,4.81598971948324,4.81598971948324,,,,,,,,,,,,,,,,,,,
Sub005,SIM,db002,2,2,14.4393871980491,1.69212245132303,16.8627944926352,16.6900501803934,23.8192912384325,6.55140274457244,27.6185654945075,12.5925507954985,9.68832018703051,,,,,,,,,,,,
Sub005,AM ,db002,2,2,7.90278270539142,2.80857413324702,5.46667573418881,7.47910518956269,11.0338405692264,9.81982245834843,15.7464396877735,10.235616563155,0.632187307629465,,,,,,,,,,,,
Sub005,SIM,db004,4,2,12.4062497253279,2.54594811688003,5.63963208529776,12.7247215827019,7.20256512496326,33.9183817167964,,,,,,,,,,,,,,,
Sub005,AM ,db004,4,2,23.3994675611008,22.2999782187003,15.1432179801259,42.4208846415531,22.3282105042326,14.8050464608918,,,,,,,,,,,,,,,
Sub005,SIM,db006,6,2,0,0,,,,,,,,,,,,,,,,,,,
Sub005,AM ,db006,6,2,178.141642284335,178.141642284335,,,,,,,,,,,,,,,,,,,
Sub005,SIM,db0.5,0.5,3,176.407333080341,176.407333080341,,,,,,,,,,,,,,,,,,,
Sub005,AM ,db0.5,0.5,3,1.22766975700188,1.22766975700188,,,,,,,,,,,,,,,,,,,
Sub005,SIM,db001,1,3,177.716843424534,177.716843424534,,,,,,,,,,,,,,,,,,,
Sub005,AM ,db001,1,3,0,0,,,,,,,,,,,,,,,,,,,
Sub005,SIM,db002,2,3,10.3424105001903,5.69438879716245,17.1856857404341,4.73220710006217,9.13454106737345,9.933288915307,16.8421779631626,12.9679061049551,8.25949836287373,9.2424589066427,9.43195204392941,,,,,,,,,,
Sub005,AM ,db002,2,3,6.67487445569714,1.38923920390152,12.7873253365915,2.89077592431795,4.13454684150292,7.1147354823147,8.18965288820345,8.5419120003412,11.7172389524062,4.65759540225326,3.95373895737794,8.04685802345784,,,,,,,,,
Sub005,SIM,db004,4,3,10.0938145920594,2.34017482139507,7.25872013852813,12.9143613187211,12.8415938137259,15.1142228679269,,,,,,,,,,,,,,,
Sub005,AM ,db004,4,3,25.7268298457057,20.0735149339839,19.1999186489306,34.3532458467171,14.0842471160631,40.9232226828335,,,,,,,,,,,,,,,
Sub005,SIM,db006,6,3,0,0,,,,,,,,,,,,,,,,,,,
Sub005,AM ,db006,6,3,178.172841189304,178.172841189304,,,,,,,,,,,,,,,,,,,
Sub006,SIM,db0.5,0.5,1,12.9798217406442,3.30427386399242,8.81476789689077,9.8445615384644,10.7073122848524,15.016058547295,18.4892185428434,18.5805723014764,12.0016193277424,20.0600113622404,,,,,,,,,,,
Sub006,AM ,db0.5,0.5,1,6.89186742256647,2.14778033729272,2.07958604491068,6.0232605138408,8.33099501722972,9.57763005225934,12.561774241718,8.79818807234187,10.9570233368613,1.55056918664377,,,,,,,,,,,
Sub006,SIM,db001,1,1,6.08846267478441,9.17198524512605,4.20853111127144,4.62668625172228,4.65043275635799,4.47072619214487,2.85236722426816,5.00567566674545,7.81684338232844,5.64438176998738,6.23634742792274,5.30387256070389,11.0913508715603,5.28574526447665,5.83131660519757,11.6512876510551,3.56785281568227,,,,
Sub006,AM ,db001,1,1,5.3320501679369,2.85481417989649,2.08024237307291,3.77947598323408,7.37782335790325,2.86362103881402,5.01519274587372,1.76120369173441,3.7293871736274,8.26646730886023,11.8006930902375,4.35244790194702,7.07689176327403,6.29849041314992,6.41433233365751,6.3096691637711,,,,,
Sub006,SIM,db002,2,1,8.1637436111461,7.86475469654761,12.0570088052555,11.8950125154661,7.21970986189262,6.27748566648006,8.49570740210402,10.251163250241,7.22652271501829,6.93115258731632,6.1595964897042,5.98740882860875,7.59940051511876,,,,,,,,
Sub006,AM ,db002,2,1,6.71716827439271,14.2510368605581,5.98018825647341,5.35057868190961,4.90032633560077,8.00864422041559,4.26418844509499,4.33297041743572,7.1003392953553,5.61112748901905,11.047331974698,3.90450168621101,5.85478562994103,,,,,,,,
Sub006,SIM,db004,4,1,6.44806916842728,4.08036940432794,3.37013155113164,6.9362655954119,2.44877961777092,5.62770378492132,17.4217152235087,5.2515190019185,,,,,,,,,,,,,
Sub006,AM ,db004,4,1,16.6917013142283,19.9777977591821,6.97098650998669,10.302619249791,22.3750123101636,6.78689223482979,13.977637686965,20.0975000184444,33.0451647444643,,,,,,,,,,,,
Sub006,SIM,db006,6,1,0,0,,,,,,,,,,,,,,,,,,,
Sub006,AM ,db006,6,1,176.712001855427,176.712001855427,,,,,,,,,,,,,,,,,,,
Sub006,SIM,db0.5,0.5,2,23.1913550830213,40.9928214508327,3.57922692497959,6.6123050944334,34.6962121268007,32.1221206649388,13.8931535605807,30.4436457585834,,,,,,,,,,,,,
Sub006,AM ,db0.5,0.5,2,2.79880333989543,1.94093880589935,4.11051045714339,2.90447858961852,3.39529817540097,1.4682365719782,2.97335743933218,,,,,,,,,,,,,,
Sub006,SIM,db001,1,2,15.3998967630455,1.72955815256864,11.6765126583778,7.51982120671528,13.8284394755392,19.8065034871033,40.6332848197999,10.4166541827435,17.5884001215163,,,,,,,,,,,,
Sub006,AM ,db001,1,2,8.18841695819563,3.93377597524523,11.921199560009,4.06515324107386,14.1311700380757,4.0600379874777,15.0730410480974,4.13454085739068,,,,,,,,,,,,,
Sub006,SIM,db002,2,2,7.95345867531168,4.12243631836463,6.97961821974604,17.4294153707197,8.5097270335682,12.413586506198,8.66881507745711,5.63042533336557,8.76086269621374,6.69604339336365,2.7331480687244,5.54396741070741,,,,,,,,,
Sub006,AM ,db002,2,2,8.47953033896358,4.19231345411754,7.07512904419127,3.04752091765477,3.61279140601619,7.11034364842271,9.49942210401787,8.45048491616035,3.41692171826799,10.8806698525004,35.4775335919076,0.511703075342666,,,,,,,,,
Sub006,SIM,db004,4,2,2.07170914461403,1.94859596778406,2.36158292494656,1.90941388226929,2.06724380345622,,,,,,,,,,,,,,,,
Sub006,AM ,db004,4,2,42.7640492239698,2.81363680544746,3.82873716494942,42.6814524420297,121.732370483453,,,,,,,,,,,,,,,,
Sub006,SIM,db006,6,2,2.35659069277851,1.94865627555191,3.11095442497026,2.9202474671547,1.92943894848577,2.15803137479452,2.07221566571388,,,,,,,,,,,,,,
Sub006,AM ,db006,6,2,27.3567755724453,43.6274375325411,5.65310971554936,3.22539579379009,36.4113631384171,23.4542201483746,51.7691271059994,,,,,,,,,,,,,,
Sub006,SIM,db0.5,0.5,3,14.8719438316543,41.4069969201337,17.7528209119118,6.90387679507694,4.74662332634034,5.21000608530812,31.6547896718439,10.0859292673304,1.2145076752895,,,,,,,,,,,,
Sub006,AM ,db0.5,0.5,3,8.66539389473629,30.116174575589,4.52286322037617,3.45425447247908,3.10106683800768,1.7980472472882,14.1226801157281,3.54267079368583,,,,,,,,,,,,,
Sub006,SIM,db001,1,3,27.1050882113384,17.4076067343231,31.558530132872,59.5395081644856,19.4157495662184,7.60404645879316,,,,,,,,,,,,,,,
Sub006,AM ,db001,1,3,10.3925808773693,2.97103623181829,14.3310787423798,4.97764666897274,19.2905618663062,,,,,,,,,,,,,,,,
Sub006,SIM,db002,2,3,10.0311841526578,20.1777292392908,4.88712952023707,18.4448522347375,8.80187262036998,12.0764295106419,11.3611171436714,4.22640562812376,5.02764469613976,13.6826467283208,1.62601420504507,,,,,,,,,,
Sub006,AM ,db002,2,3,8.8503879033447,3.17685124800119,26.790657941714,3.25384887065593,12.2610954264564,8.03265088249827,12.4545005153414,6.222054165999,4.14769661214814,3.314135467288,,,,,,,,,,,
Sub006,SIM,db004,4,3,4.03508653042081,2.42898295118721,4.83995023967509,7.19525313704798,1.67615979377297,,,,,,,,,,,,,,,,
Sub006,AM ,db004,4,3,32.5501278492615,60.1894754603527,8.72087928726614,16.8588657071086,42.5323366726079,34.449082118972,,,,,,,,,,,,,,,
Sub006,SIM,db006,6,3,2.25978768885155,2.45873104114435,2.16292592762329,2.15770609778701,,,,,,,,,,,,,,,,,
Sub006,AM ,db006,6,3,42.7483607835266,6.57524468754491,3.34250963079467,35.3506636902021,125.725025125565,,,,,,,,,,,,,,,,
Sub007,SIM,db0.5,0.5,1,28.980608945313,41.9739342855546,17.5268168512566,40.1141172979605,16.30756734648,,,,,,,,,,,,,,,,
Sub007,AM ,db0.5,0.5,1,21.0796056384722,19.6593986735215,17.5037941792116,26.0756240626833,,,,,,,,,,,,,,,,,
Sub007,SIM,db001,1,1,18.7347621453567,11.2580211883778,23.3228358101223,13.979120866783,13.4413890336909,22.6676292595303,27.7395767136359,,,,,,,,,,,,,,
Sub007,AM ,db001,1,1,13.1722084833706,7.18735113199818,9.46596402306477,10.0788220481027,17.7509433720152,21.377961841672,,,,,,,,,,,,,,,
Sub007,SIM,db002,2,1,11.9655937744772,4.37759453368744,28.8181847928072,4.11585920395282,15.9481354708842,3.98369922448273,14.5500894210491,,,,,,,,,,,,,,
Sub007,AM ,db002,2,1,17.8138469763921,18.1411527696464,4.45564218748768,16.54077359232,13.8876675942929,41.1819351837739,12.675910530832,,,,,,,,,,,,,,
Sub007,SIM,db004,4,1,7.43562855378514,7.43562855378514,,,,,,,,,,,,,,,,,,,
Sub007,AM ,db004,4,1,83.1266522844471,77.546870584084,88.7064339848102,,,,,,,,,,,,,,,,,,
Sub007,SIM,db006,6,1,3.66841279643268,2.68943163500171,4.64739395786364,,,,,,,,,,,,,,,,,,
Sub007,AM ,db006,6,1,85.8153366321544,4.12437272938678,167.506300534922,,,,,,,,,,,,,,,,,,
Sub007,SIM,db0.5,0.5,2,87.8121298249271,121.685524055465,53.9387355943891,,,,,,,,,,,,,,,,,,
Sub007,AM ,db0.5,0.5,2,1.93651634841353,1.93651634841353,,,,,,,,,,,,,,,,,,,
Sub007,SIM,db001,1,2,28.4277109815465,3.7274465679161,91.1670917708575,1.94689624752391,16.8694093398885,,,,,,,,,,,,,,,,
Sub007,AM ,db001,1,2,21.1386009682604,1.41464355887774,26.0001004082092,36.0010589376943,,,,,,,,,,,,,,,,,
Sub007,SIM,db002,2,2,19.2488279025752,24.6762043772205,19.262706370147,42.311307151278,8.0473682944239,1.9465533198063,,,,,,,,,,,,,,,
Sub007,AM ,db002,2,2,20.3703609723236,2.29801573489658,44.6000230970958,32.4260702055485,2.1573348517536,,,,,,,,,,,,,,,,
Sub007,SIM,db004,4,2,0,0,,,,,,,,,,,,,,,,,,,
Sub007,AM ,db004,4,2,88.6354450601889,15.953269121268,161.31762099911,,,,,,,,,,,,,,,,,,
Sub007,SIM,db006,6,2,0,0,,,,,,,,,,,,,,,,,,,
Sub007,AM ,db006,6,2,178.317110938239,178.317110938239,,,,,,,,,,,,,,,,,,,
Sub007,SIM,db0.5,0.5,3,177.302335533439,177.302335533439,,,,,,,,,,,,,,,,,,,
Sub007,AM ,db0.5,0.5,3,0,0,,,,,,,,,,,,,,,,,,,
Sub007,SIM,db001,1,3,81.5140366185215,126.439693963478,36.5883792735649,,,,,,,,,,,,,,,,,,
Sub007,AM ,db001,1,3,3.91895902671376,0.121358237563072,10.5083051703805,0.120534761931594,4.92563793697991,,,,,,,,,,,,,,,,
Sub007,SIM,db002,2,3,32.7950682086117,104.210764850711,5.77402154125002,20.3815617807222,0.813924661763849,,,,,,,,,,,,,,,,
Sub007,AM ,db002,2,3,15.5438763022191,13.2500812408271,31.9546414737229,1.42690619210725,,,,,,,,,,,,,,,,,
Sub007,SIM,db004,4,3,0,0,,,,,,,,,,,,,,,,,,,
Sub007,AM ,db004,4,3,178.03536069163,178.03536069163,,,,,,,,,,,,,,,,,,,
Sub007,SIM,db006,6,3,0,0,,,,,,,,,,,,,,,,,,,
Sub007,AM ,db006,6,3,31.8490340441573,80.5980659390016,0.422341949298243,6.05221804300254,0.0702979364987186,72.1022463529853,,,,,,,,,,,,,,,
Sub008,SIM,db0.5,0.5,1,177.669694689107,177.669694689107,,,,,,,,,,,,,,,,,,,
Sub008,AM ,db0.5,0.5,1,0,0,,,,,,,,,,,,,,,,,,,
Sub008,SIM,db001,1,1,178.900510904602,178.900510904602,,,,,,,,,,,,,,,,,,,
Sub008,AM ,db001,1,1,0,0,,,,,,,,,,,,,,,,,,,
Sub008,SIM,db002,2,1,14.7891226017061,28.4272167857473,6.91343204962368,15.6948151812387,1.98955606541199,15.743204513258,29.1898014125425,31.9521011697618,4.62553701764637,3.60241510373362,9.75314671809724,,,,,,,,,,
Sub008,AM ,db002,2,1,3.29331589469583,2.85990608286352,7.39512244258981,2.98451951998209,1.21759255694838,2.99761229250726,2.15049903503655,4.30500132169232,1.89639922289621,3.83319057774634,,,,,,,,,,,
Sub008,SIM,db004,4,1,4.25457684036019,4.25457684036019,,,,,,,,,,,,,,,,,,,
Sub008,AM ,db004,4,1,173.712084757681,173.712084757681,,,,,,,,,,,,,,,,,,,
Sub008,SIM,db006,6,1,0,0,,,,,,,,,,,,,,,,,,,
Sub008,AM ,db006,6,1,177.520829804544,177.520829804544,,,,,,,,,,,,,,,,,,,
Sub008,SIM,db0.5,0.5,2,178.710672600166,178.710672600166,,,,,,,,,,,,,,,,,,,
Sub008,AM ,db0.5,0.5,2,0,0,,,,,,,,,,,,,,,,,,,
Sub008,SIM,db001,1,2,58.0246338399391,133.554666407461,3.64256246599507,36.8766726463614,,,,,,,,,,,,,,,,,
Sub008,AM ,db001,1,2,3.2612170603511,3.2612170603511,,,,,,,,,,,,,,,,,,,
Sub008,SIM,db002,2,2,82.1771369067783,58.5342558873044,105.820017926252,,,,,,,,,,,,,,,,,,
Sub008,AM ,db002,2,2,13.762350764272,13.762350764272,,,,,,,,,,,,,,,,,,,
Sub008,SIM,db004,4,2,6.31394487902026,6.31394487902026,,,,,,,,,,,,,,,,,,,
Sub008,AM ,db004,4,2,171.295951579871,171.295951579871,,,,,,,,,,,,,,,,,,,
Sub008,SIM,db006,6,2,1.22792036227202,1.22792036227202,,,,,,,,,,,,,,,,,,,
Sub008,AM ,db006,6,2,175.861344225103,175.861344225103,,,,,,,,,,,,,,,,,,,
Sub008,SIM,db0.5,0.5,3,178.484846735035,178.484846735035,,,,,,,,,,,,,,,,,,,
Sub008,AM ,db0.5,0.5,3,0,0,,,,,,,,,,,,,,,,,,,
Sub008,SIM,db001,1,3,178.380187962593,178.380187962593,,,,,,,,,,,,,,,,,,,
Sub008,AM ,db001,1,3,0,0,,,,,,,,,,,,,,,,,,,
Sub008,SIM,db002,2,3,80.8148700635438,151.430473217127,10.1992669099604,,,,,,,,,,,,,,,,,,
Sub008,AM ,db002,2,3,16.7629429593585,16.7629429593585,,,,,,,,,,,,,,,,,,,
Sub008,SIM,db004,4,3,0,0,,,,,,,,,,,,,,,,,,,
Sub008,AM ,db004,4,3,177.504896035437,177.504896035437,,,,,,,,,,,,,,,,,,,
Sub008,SIM,db006,6,3,1.34590673216098,1.34590673216098,,,,,,,,,,,,,,,,,,,
Sub008,AM ,db006,6,3,176.079689697474,176.079689697474,,,,,,,,,,,,,,,,,,,
Sub009,SIM,db0.5,0.5,1,41.0281770656895,55.5453969182763,90.7205933114674,2.22800184523658,15.6187161877779,,,,,,,,,,,,,,,,
Sub009,AM ,db0.5,0.5,1,6.8372851501681,6.06185968505179,14.0871893381791,0.362806427273426,,,,,,,,,,,,,,,,,
Sub009,SIM,db001,1,1,43.5120369158461,43.7268267582349,42.1392203812629,44.6700636080404,,,,,,,,,,,,,,,,,
Sub009,AM ,db001,1,1,16.2083113051303,15.6217839893034,10.1765928315526,22.826557094535,,,,,,,,,,,,,,,,,
Sub009,SIM,db002,2,1,14.1961887225655,12.2322248442197,4.92690240265802,31.7712263121975,43.9974201338628,8.99120144385233,2.57387970548007,8.26269851046709,0.813956427786252,,,,,,,,,,,,
Sub009,AM ,db002,2,1,13.0292971677289,2.41845640469001,2.12044786116712,19.56082639124,30.8970247810867,10.1497304004606,,,,,,,,,,,,,,,
Sub009,SIM,db004,4,1,0,0,,,,,,,,,,,,,,,,,,,
Sub009,AM ,db004,4,1,178.396437397985,178.396437397985,,,,,,,,,,,,,,,,,,,
Sub009,SIM,db006,6,1,0,0,,,,,,,,,,,,,,,,,,,
Sub009,AM ,db006,6,1,178.175320863233,178.175320863233,,,,,,,,,,,,,,,,,,,
Sub009,SIM,db0.5,0.5,2,30.506238194594,48.7168088448161,0.180604423947443,58.764162316631,29.7957943883248,15.0738209992505,,,,,,,,,,,,,,,
Sub009,AM ,db0.5,0.5,2,8.90830985084115,10.3568209581881,6.31245027614386,10.0556583181915,,,,,,,,,,,,,,,,,
Sub009,SIM,db001,1,2,28.8201237899457,25.361838576473,80.364784153553,3.19132296254065,6.36254946721601,,,,,,,,,,,,,,,,
Sub009,AM ,db001,1,2,15.9768959706348,25.7711294308756,2.3781938755601,4.82759423793505,30.9306663381685,,,,,,,,,,,,,,,,
Sub009,SIM,db002,2,2,15.9633019228274,6.00374661236128,17.8616634201808,20.1915488050872,22.3089519622645,11.0087748170172,18.4051259200533,,,,,,,,,,,,,,
Sub009,AM ,db002,2,2,13.8540753458647,1.50585426226462,29.4340013653218,11.2299041837341,2.01705464106453,4.57611278782133,34.3615248349815,,,,,,,,,,,,,,
Sub009,SIM,db004,4,2,5.36898790459236,4.34505372742933,6.39292208175539,,,,,,,,,,,,,,,,,,
Sub009,AM ,db004,4,2,56.0702793774957,78.373805023457,12.1125975870764,77.7244355219536,,,,,,,,,,,,,,,,,
Sub009,SIM,db006,6,2,5.12298858981831,2.8401952254826,7.40578195415401,,,,,,,,,,,,,,,,,,
Sub009,AM ,db006,6,2,56.0718911789663,84.0479998819446,58.6770788421472,25.4905948128071,,,,,,,,,,,,,,,,,
Sub009,SIM,db0.5,0.5,3,50.5378053151708,82.0064009038833,34.8735637825557,34.7334512590733,,,,,,,,,,,,,,,,,
Sub009,AM ,db0.5,0.5,3,13.5634028889872,17.0207184872652,10.1060872907092,,,,,,,,,,,,,,,,,,
Sub009,SIM,db001,1,3,24.2736425708067,23.9847068666404,0.22088074743624,43.9459674915051,28.9430151776451,,,,,,,,,,,,,,,,
Sub009,AM ,db001,1,3,27.1634173997991,20.452641395399,52.8673062758553,8.17030452814288,,,,,,,,,,,,,,,,,
Sub009,SIM,db002,2,3,16.1129287051866,1.58816937934353,11.2124578470011,23.6139895342512,28.7100832922715,27.2677713061912,4.28510087206087,,,,,,,,,,,,,,
Sub009,AM ,db002,2,3,16.3407265329064,1.62772262172439,9.24321189163675,25.3399398694219,36.9423325172211,8.55042576452797,,,,,,,,,,,,,,,
Sub009,SIM,db004,4,3,3.56938584514743,5.10825877962998,2.84012882007482,2.75976993573749,,,,,,,,,,,,,,,,,
Sub009,AM ,db004,4,3,41.8735565645748,59.781952870766,35.7950552672628,56.8114991068942,15.1057190133761,,,,,,,,,,,,,,,,
Sub009,SIM,db006,6,3,0,0,,,,,,,,,,,,,,,,,,,
Sub009,AM ,db006,6,3,89.1337180355795,171.543453838296,6.72398223286291,,,,,,,,,,,,,,,,,,
Sub010,SIM,db0.5,0.5,1,85.3869069387556,78.3942335083611,92.3795803691501,,,,,,,,,,,,,,,,,,
Sub010,AM ,db0.5,0.5,1,6.59341989775385,6.59341989775385,,,,,,,,,,,,,,,,,,,
Sub010,SIM,db001,1,1,39.1253287388495,88.1425656739866,54.5117242436845,13.1739876222891,0.673037415437648,,,,,,,,,,,,,,,,
Sub010,AM ,db001,1,1,4.19467402964619,4.19467402964619,,,,,,,,,,,,,,,,,,,
Sub010,SIM,db002,2,1,45.7508709694806,55.6553957120705,12.2530530447693,69.3441641516019,,,,,,,,,,,,,,,,,
Sub010,AM ,db002,2,1,17.9181635151363,8.50000962397098,27.3363174063015,,,,,,,,,,,,,,,,,,
Sub010,SIM,db004,4,1,11.9311324592196,5.77081183979499,9.85471266668719,9.05174168232043,22.253910219888,12.7244858874074,,,,,,,,,,,,,,,
Sub010,AM ,db004,4,1,18.8198939908777,30.9399679072612,19.3583986480244,28.8110759729207,14.3098973571286,12.0235572382535,7.4764668216776,,,,,,,,,,,,,,
Sub010,SIM,db006,6,1,0,0,,,,,,,,,,,,,,,,,,,
Sub010,AM ,db006,6,1,178.280387692093,178.280387692093,,,,,,,,,,,,,,,,,,,
Sub010,SIM,db0.5,0.5,2,40.7080247246263,54.7065076658146,43.8056204639015,40.6866133113654,23.6333574574237,,,,,,,,,,,,,,,,
Sub010,AM ,db0.5,0.5,2,4.2653823155033,4.2653823155033,,,,,,,,,,,,,,,,,,,
Sub010,SIM,db001,1,2,86.4938380914245,106.418432023958,66.5692441588908,,,,,,,,,,,,,,,,,,
Sub010,AM ,db001,1,2,4.25093127970649,4.25093127970649,,,,,,,,,,,,,,,,,,,
Sub010,SIM,db002,2,2,25.4091785747282,13.5490187397972,10.4063346909552,17.9931008951589,59.6882599730015,,,,,,,,,,,,,,,,
Sub010,AM ,db002,2,2,17.8147836883936,36.1557245311196,19.0469094859018,0.823330818268005,15.2331699182851,,,,,,,,,,,,,,,,
Sub010,SIM,db004,4,2,21.2979543284782,21.2979543284782,,,,,,,,,,,,,,,,,,,
Sub010,AM ,db004,4,2,15.7260763290064,47.5943162103631,23.1111119665748,41.6785657458458,3.73550565632831,1.85667884419854,0.522654509666609,4.40575757342413,2.90402012565028,,,,,,,,,,,,
Sub010,SIM,db006,6,2,3.90095938170452,3.90095938170452,,,,,,,,,,,,,,,,,,,
Sub010,AM ,db006,6,2,57.2396214014904,81.308542622648,51.2870154009233,39.1233061808998,,,,,,,,,,,,,,,,,
Sub010,SIM,db0.5,0.5,3,83.3558654581539,145.386594961659,21.3251359546484,,,,,,,,,,,,,,,,,,
Sub010,AM ,db0.5,0.5,3,10.3565421837957,10.3565421837957,,,,,,,,,,,,,,,,,,,
Sub010,SIM,db001,1,3,81.6741493050213,67.4750267546424,95.8732718554002,,,,,,,,,,,,,,,,,,
Sub010,AM ,db001,1,3,6.12490392067775,11.5171502391877,0.732657602167819,,,,,,,,,,,,,,,,,,
Sub010,SIM,db002,2,3,36.4896855078377,36.2963188948088,46.1247427191447,3.03775355958714,60.4999268578104,,,,,,,,,,,,,,,,
Sub010,AM ,db002,2,3,4.78506293756891,7.70725448605299,5.76520459281528,4.2602787230644,1.40751394834297,,,,,,,,,,,,,,,,
Sub010,SIM,db004,4,3,14.4484106972368,7.02003646843878,30.0759058724179,12.6744046610802,8.02329578701028,,,,,,,,,,,,,,,,
Sub010,AM ,db004,4,3,22.3133653234167,14.0496988338309,28.8311919995285,52.5474355963779,5.95897332748063,10.1795268598653,,,,,,,,,,,,,,,
Sub010,SIM,db006,6,3,9.83881274188207,6.27071592087304,13.4069095628911,,,,,,,,,,,,,,,,,,
Sub010,AM ,db006,6,3,51.3523136242936,77.582869457874,23.9178914775257,52.5561799374809,,,,,,,,,,,,,,,,,
Sub011,SIM,db0.5,0.5,1,178.735957999019,178.735957999019,,,,,,,,,,,,,,,,,,,
Sub011,AM ,db0.5,0.5,1,0.0690955527447841,0.0690955527447841,,,,,,,,,,,,,,,,,,,
Sub011,SIM,db001,1,1,16.3325047290239,15.1932152261575,10.8076848681824,32.7808982402612,2.56830500302976,20.3124203074885,,,,,,,,,,,,,,,
Sub011,AM ,db001,1,1,24.0994672410248,20.3225256788319,4.44570836879234,14.515219004244,57.1144159122309,,,,,,,,,,,,,,,,
Sub011,SIM,db002,2,1,18.0669288100164,62.5116308163304,10.35670905493,6.79396917545773,15.3646947458035,7.41650149432985,11.300198784199,12.7247975990642,,,,,,,,,,,,,
Sub011,AM ,db002,2,1,6.94314796653699,7.89779919556076,8.72055535115078,10.3564893241305,1.4651717059869,3.27159528730363,8.37973106874801,8.51069383287836,,,,,,,,,,,,,
Sub011,SIM,db004,4,1,1.36459241861348,1.36459241861348,,,,,,,,,,,,,,,,,,,
Sub011,AM ,db004,4,1,177.08446323615,177.08446323615,,,,,,,,,,,,,,,,,,,
Sub011,SIM,db006,6,1,0,0,,,,,,,,,,,,,,,,,,,
Sub011,AM ,db006,6,1,178.013721145898,178.013721145898,,,,,,,,,,,,,,,,,,,
Sub011,SIM,db0.5,0.5,2,88.3325417143685,5.06223385708381,171.602849571653,,,,,,,,,,,,,,,,,,
Sub011,AM ,db0.5,0.5,2,0,0,,,,,,,,,,,,,,,,,,,
Sub011,SIM,db001,1,2,27.8292065376488,59.5852140097791,17.7116483947943,9.94503329803729,24.0749304479846,,,,,,,,,,,,,,,,
Sub011,AM ,db001,1,2,21.9571598719594,22.7407782832834,20.8924618221745,22.2382395104205,,,,,,,,,,,,,,,,,
Sub011,SIM,db002,2,2,26.2163359744869,15.4407543213993,11.7106924856234,57.3097120050966,36.8370469976917,9.78347406262355,,,,,,,,,,,,,,,
Sub011,AM ,db002,2,2,9.47320211287997,9.63365101809131,18.6556366082418,7.37576468723955,11.6909260161588,0.0100322346684152,,,,,,,,,,,,,,,
Sub011,SIM,db004,4,2,0,0,,,,,,,,,,,,,,,,,,,
Sub011,AM ,db004,4,2,178.432111362777,178.432111362777,,,,,,,,,,,,,,,,,,,
Sub011,SIM,db006,6,2,0,0,,,,,,,,,,,,,,,,,,,
Sub011,AM ,db006,6,2,178.333092645241,178.333092645241,,,,,,,,,,,,,,,,,,,
Sub011,SIM,db0.5,0.5,3,178.509303915282,178.509303915282,,,,,,,,,,,,,,,,,,,
Sub011,AM ,db0.5,0.5,3,0,0,,,,,,,,,,,,,,,,,,,
Sub011,SIM,db001,1,3,178.73131253707,178.73131253707,,,,,,,,,,,,,,,,,,,
Sub011,AM ,db001,1,3,0,0,,,,,,,,,,,,,,,,,,,
Sub011,SIM,db002,2,3,61.8853940286476,64.7657823651443,59.0050056921509,,,,,,,,,,,,,,,,,,
Sub011,AM ,db002,2,3,26.853742849527,26.4722977201563,27.2351879788976,,,,,,,,,,,,,,,,,,
Sub011,SIM,db004,4,3,10.8580231092646,10.8580231092646,,,,,,,,,,,,,,,,,,,
Sub011,AM ,db004,4,3,83.7137815478095,140.889043003403,26.5385200922165,,,,,,,,,,,,,,,,,,
Sub011,SIM,db006,6,3,0,0,,,,,,,,,,,,,,,,,,,
Sub011,AM ,db006,6,3,178.444864089283,178.444864089283,,,,,,,,,,,,,,,,,,,
Sub012,SIM,db0.5,0.5,1,177.54194752025,177.54194752025,,,,,,,,,,,,,,,,,,,
Sub012,AM ,db0.5,0.5,1,0,0,,,,,,,,,,,,,,,,,,,
Sub012,SIM,db001,1,1,172.179095222958,172.179095222958,,,,,,,,,,,,,,,,,,,
Sub012,AM ,db001,1,1,0.562332253705108,0.562332253705108,,,,,,,,,,,,,,,,,,,
Sub012,SIM,db002,2,1,33.2144020188418,34.1561041768045,32.2726998608791,,,,,,,,,,,,,,,,,,
Sub012,AM ,db002,2,1,56.3364595720002,55.6036653257122,57.0692538182882,,,,,,,,,,,,,,,,,,
Sub012,SIM,db004,4,1,0,0,,,,,,,,,,,,,,,,,,,
Sub012,AM ,db004,4,1,175.437678652711,175.437678652711,,,,,,,,,,,,,,,,,,,
Sub012,SIM,db006,6,1,0,0,,,,,,,,,,,,,,,,,,,
Sub012,AM ,db006,6,1,174.804732165684,174.804732165684,,,,,,,,,,,,,,,,,,,
Sub012,SIM,db0.5,0.5,2,177.57548827865,177.57548827865,,,,,,,,,,,,,,,,,,,
Sub012,AM ,db0.5,0.5,2,0,0,,,,,,,,,,,,,,,,,,,
Sub012,SIM,db001,1,2,177.631523841265,177.631523841265,,,,,,,,,,,,,,,,,,,
Sub012,AM ,db001,1,2,0,0,,,,,,,,,,,,,,,,,,,
Sub012,SIM,db002,2,2,26.8077611020101,11.8214773638938,36.0943119510907,41.6244337083967,17.6908213846591,,,,,,,,,,,,,,,,
Sub012,AM ,db002,2,2,20.2362811986324,17.1474618042871,19.0260118026672,24.5353699889429,,,,,,,,,,,,,,,,,
Sub012,SIM,db004,4,2,0,0,,,,,,,,,,,,,,,,,,,
Sub012,AM ,db004,4,2,175.922607108224,175.922607108224,,,,,,,,,,,,,,,,,,,
Sub012,SIM,db006,6,2,0,0,,,,,,,,,,,,,,,,,,,
Sub012,AM ,db006,6,2,172.1086234146,172.1086234146,,,,,,,,,,,,,,,,,,,
Sub012,SIM,db0.5,0.5,3,176.700871005645,176.700871005645,,,,,,,,,,,,,,,,,,,
Sub012,AM ,db0.5,0.5,3,0,0,,,,,,,,,,,,,,,,,,,
Sub012,SIM,db001,1,3,175.089249449306,175.089249449306,,,,,,,,,,,,,,,,,,,
Sub012,AM ,db001,1,3,0,0,,,,,,,,,,,,,,,,,,,
Sub012,SIM,db002,2,3,67.6957225356391,6.90822154523994,128.483223526038,,,,,,,,,,,,,,,,,,
Sub012,AM ,db002,2,3,18.4987318083381,28.9596799415922,8.03778367508403,,,,,,,,,,,,,,,,,,
Sub012,SIM,db004,4,3,0,0,,,,,,,,,,,,,,,,,,,
Sub012,AM ,db004,4,3,174.384286933697,174.384286933697,,,,,,,,,,,,,,,,,,,
Sub012,SIM,db006,6,3,0,0,,,,,,,,,,,,,,,,,,,
Sub012,AM ,db006,6,3,174.799908321949,174.799908321949,,,,,,,,,,,,,,,,,,,
Sub013,SIM,db0.5,0.5,1,177.610268839951,177.610268839951,,,,,,,,,,,,,,,,,,,
Sub013,AM ,db0.5,0.5,1,0,0,,,,,,,,,,,,,,,,,,,
Sub013,SIM,db001,1,1,42.0735642050568,30.866696969395,50.3560800543783,44.997915591397,,,,,,,,,,,,,,,,,
Sub013,AM ,db001,1,1,17.5867758848023,2.66933574472205,33.7336095009014,16.3573824087835,,,,,,,,,,,,,,,,,
Sub013,SIM,db002,2,1,49.5957521861213,9.73498595478304,115.892233380626,23.160037222955,,,,,,,,,,,,,,,,,
Sub013,AM ,db002,2,1,14.5310613129841,4.99780299868871,24.0643196272795,,,,,,,,,,,,,,,,,,
Sub013,SIM,db004,4,1,0,0,,,,,,,,,,,,,,,,,,,
Sub013,AM ,db004,4,1,177.125580004817,177.125580004817,,,,,,,,,,,,,,,,,,,
Sub013,SIM,db006,6,1,3.01460304975262,3.01460304975262,,,,,,,,,,,,,,,,,,,
Sub013,AM ,db006,6,1,174.781381528574,174.781381528574,,,,,,,,,,,,,,,,,,,
Sub013,SIM,db0.5,0.5,2,177.668968134341,177.668968134341,,,,,,,,,,,,,,,,,,,
Sub013,AM ,db0.5,0.5,2,0,0,,,,,,,,,,,,,,,,,,,
Sub013,SIM,db001,1,2,74.2426239746783,38.1067410954747,110.378506853882,,,,,,,,,,,,,,,,,,
Sub013,AM ,db001,1,2,30.0248791392623,30.0248791392623,,,,,,,,,,,,,,,,,,,
Sub013,SIM,db002,2,2,81.4820610303814,69.5747623604184,93.3893597003444,,,,,,,,,,,,,,,,,,
Sub013,AM ,db002,2,2,14.7872280092197,14.7872280092197,,,,,,,,,,,,,,,,,,,
Sub013,SIM,db004,4,2,0,0,,,,,,,,,,,,,,,,,,,
Sub013,AM ,db004,4,2,177.425895232325,177.425895232325,,,,,,,,,,,,,,,,,,,
Sub013,SIM,db006,6,2,0,0,,,,,,,,,,,,,,,,,,,
Sub013,AM ,db006,6,2,177.289899920801,177.289899920801,,,,,,,,,,,,,,,,,,,
Sub013,SIM,db0.5,0.5,3,111.11123582206,111.11123582206,,,,,,,,,,,,,,,,,,,
Sub013,AM ,db0.5,0.5,3,67.6402884298004,67.6402884298004,,,,,,,,,,,,,,,,,,,
Sub013,SIM,db001,1,3,178.052510865517,178.052510865517,,,,,,,,,,,,,,,,,,,
Sub013,AM ,db001,1,3,0,0,,,,,,,,,,,,,,,,,,,
Sub013,SIM,db002,2,3,72.2892578857409,61.7497506761174,82.8287650953644,,,,,,,,,,,,,,,,,,
Sub013,AM ,db002,2,3,31.9113792735116,31.9113792735116,,,,,,,,,,,,,,,,,,,
Sub013,SIM,db004,4,3,0,0,,,,,,,,,,,,,,,,,,,
Sub013,AM ,db004,4,3,175.844130311143,175.844130311143,,,,,,,,,,,,,,,,,,,
Sub013,SIM,db006,6,3,0,0,,,,,,,,,,,,,,,,,,,
Sub013,AM ,db006,6,3,176.279037130254,176.279037130254,,,,,,,,,,,,,,,,,,,
Sub014,SIM,db0.5,0.5,1,175.58008469153,175.58008469153,,,,,,,,,,,,,,,,,,,
Sub014,AM ,db0.5,0.5,1,0,0,,,,,,,,,,,,,,,,,,,
Sub014,SIM,db001,1,1,178.326801138501,178.326801138501,,,,,,,,,,,,,,,,,,,
Sub014,AM ,db001,1,1,0,0,,,,,,,,,,,,,,,,,,,
Sub014,SIM,db002,2,1,174.278839210874,174.278839210874,,,,,,,,,,,,,,,,,,,
Sub014,AM ,db002,2,1,0,0,,,,,,,,,,,,,,,,,,,
Sub014,SIM,db004,4,1,0,0,,,,,,,,,,,,,,,,,,,
Sub014,AM ,db004,4,1,175.173788609918,175.173788609918,,,,,,,,,,,,,,,,,,,
Sub014,SIM,db006,6,1,0,0,,,,,,,,,,,,,,,,,,,
Sub014,AM ,db006,6,1,175.614388257512,175.614388257512,,,,,,,,,,,,,,,,,,,
Sub014,SIM,db0.5,0.5,2,174.853107895571,174.853107895571,,,,,,,,,,,,,,,,,,,
Sub014,AM ,db0.5,0.5,2,0,0,,,,,,,,,,,,,,,,,,,
Sub014,SIM,db001,1,2,174.47606506768,174.47606506768,,,,,,,,,,,,,,,,,,,
Sub014,AM ,db001,1,2,0,0,,,,,,,,,,,,,,,,,,,
Sub014,SIM,db002,2,2,175.166913076824,175.166913076824,,,,,,,,,,,,,,,,,,,
Sub014,AM ,db002,2,2,0,0,,,,,,,,,,,,,,,,,,,
Sub014,SIM,db004,4,2,0,0,,,,,,,,,,,,,,,,,,,
Sub014,AM ,db004,4,2,173.516387692303,173.516387692303,,,,,,,,,,,,,,,,,,,
Sub014,SIM,db006,6,2,0,0,,,,,,,,,,,,,,,,,,,
Sub014,AM ,db006,6,2,175.840542741764,175.840542741764,,,,,,,,,,,,,,,,,,,
Sub014,SIM,db0.5,0.5,3,176.838405084185,176.838405084185,,,,,,,,,,,,,,,,,,,
Sub014,AM ,db0.5,0.5,3,0,0,,,,,,,,,,,,,,,,,,,
Sub014,SIM,db001,1,3,174.404158103258,174.404158103258,,,,,,,,,,,,,,,,,,,
Sub014,AM ,db001,1,3,0,0,,,,,,,,,,,,,,,,,,,
Sub014,SIM,db002,2,3,172.650045502207,172.650045502207,,,,,,,,,,,,,,,,,,,
Sub014,AM ,db002,2,3,0,0,,,,,,,,,,,,,,,,,,,
Sub014,SIM,db004,4,3,0,0,,,,,,,,,,,,,,,,,,,
Sub014,AM ,db004,4,3,171.594144024359,171.594144024359,,,,,,,,,,,,,,,,,,,
Sub014,SIM,db006,6,3,0,0,,,,,,,,,,,,,,,,,,,
Sub014,AM ,db006,6,3,175.879354506964,175.879354506964,,,,,,,,,,,,,,,,,,,
Sub015,SIM,db0.5,0.5,1,169.060703144787,169.060703144787,,,,,,,,,,,,,,,,,,,
Sub015,AM ,db0.5,0.5,1,3.93001798579644,3.93001798579644,,,,,,,,,,,,,,,,,,,
Sub015,SIM,db001,1,1,48.1404009023875,104.063314770465,7.10708402663295,33.2508039100649,,,,,,,,,,,,,,,,,
Sub015,AM ,db001,1,1,17.1668811495547,25.9632057657145,8.37055653339485,,,,,,,,,,,,,,,,,,
Sub015,SIM,db002,2,1,37.3112767823077,9.19289609602129,13.8943346381857,27.3972524389828,98.7606239560409,,,,,,,,,,,,,,,,
Sub015,AM ,db002,2,1,7.43577159336564,4.00982581681455,7.86959312373074,4.36027193481277,13.5033954981045,,,,,,,,,,,,,,,,
Sub015,SIM,db004,4,1,0,0,,,,,,,,,,,,,,,,,,,
Sub015,AM ,db004,4,1,178.044671751413,178.044671751413,,,,,,,,,,,,,,,,,,,
Sub015,SIM,db006,6,1,0,0,,,,,,,,,,,,,,,,,,,
Sub015,AM ,db006,6,1,176.92703542333,176.92703542333,,,,,,,,,,,,,,,,,,,
Sub015,SIM,db0.5,0.5,2,178.306742905872,178.306742905872,,,,,,,,,,,,,,,,,,,
Sub015,AM ,db0.5,0.5,2,0,0,,,,,,,,,,,,,,,,,,,
Sub015,SIM,db001,1,2,14.6295568395635,60.3764912010665,19.386856270823,0.852295992794097,11.2384671366599,2.58659017097671,2.96710332688235,1.11270386293472,18.5159467543708,,,,,,,,,,,,
Sub015,AM ,db001,1,2,8.79010452090422,4.39103788556531,3.04729620118451,10.5558174875769,7.66871659725439,13.9839362258062,13.0417850490339,8.84214219990827,,,,,,,,,,,,,
Sub015,SIM,db002,2,2,11.2961942684591,4.14017145807156,6.62607361667324,15.2871111495915,39.9179319233226,1.90462532821402,1.55396600975655,9.64348039358447,,,,,,,,,,,,,
Sub015,AM ,db002,2,2,12.2934553865998,2.1756605207338,5.07230990692915,14.5014263592748,17.0020717315492,31.8790746137529,17.362229531951,10.2155546578579,0.139315770749818,,,,,,,,,,,,
Sub015,SIM,db004,4,2,0,0,,,,,,,,,,,,,,,,,,,
Sub015,AM ,db004,4,2,178.105159772109,178.105159772109,,,,,,,,,,,,,,,,,,,
Sub015,SIM,db006,6,2,0,0,,,,,,,,,,,,,,,,,,,
Sub015,AM ,db006,6,2,178.493954083344,178.493954083344,,,,,,,,,,,,,,,,,,,
Sub015,SIM,db0.5,0.5,3,178.568903508349,178.568903508349,,,,,,,,,,,,,,,,,,,
Sub015,AM ,db0.5,0.5,3,0,0,,,,,,,,,,,,,,,,,,,
Sub015,SIM,db001,1,3,24.7994028783651,9.52385953775956,7.92935081257019,79.6189790101635,2.12542215296708,,,,,,,,,,,,,,,,
Sub015,AM ,db001,1,3,19.7177721031185,17.4994892806717,24.4303312141419,10.786837996493,26.1544299211673,,,,,,,,,,,,,,,,
Sub015,SIM,db002,2,3,4.20067606992598,1.57461952531594,8.30050558969378,2.91793448814133,4.00964467655285,,,,,,,,,,,,,,,,
Sub015,AM ,db002,2,3,53.5755162497226,118.027932788944,38.2273541019531,4.47126185827074,,,,,,,,,,,,,,,,,
Sub015,SIM,db004,4,3,0,0,,,,,,,,,,,,,,,,,,,
Sub015,AM ,db004,4,3,178.04112300546,178.04112300546,,,,,,,,,,,,,,,,,,,
Sub015,SIM,db006,6,3,0,0,,,,,,,,,,,,,,,,,,,
Sub015,AM ,db006,6,3,177.691460118687,177.691460118687,,,,,,,,,,,,,,,,,,,
